subset,method,n,coverage,mean_width,interval_score
All,Raw quantiles,1992,0.5476907630522089,11.755544940405073,34.34839711875076
All,Static CQR (pooled),1992,0.9241967871485943,27.64096671281219,32.181476034353
All,Static CQR (by horizon),1992,0.9327309236947792,29.289560980391503,33.55502765288057
All,Adaptive CQR,1992,0.8072289156626506,21.300759290522112,31.072058137530938
Price extremes,Raw quantiles,400,0.35,13.235518252201354,66.46654730846912
Price extremes,Static CQR (pooled),400,0.7675,29.120940024608473,47.65111750307864
Price extremes,Static CQR (by horizon),400,0.79,30.527751401332942,47.93384001441572
Price extremes,Adaptive CQR,400,0.6025,22.2472197318598,53.50448360164668
Renewable shift,Raw quantiles,1992,0.5476907630522089,11.755544940405073,34.34839711875076
Renewable shift,Static CQR (pooled),1992,0.9241967871485943,27.64096671281219,32.181476034353
Renewable shift,Static CQR (by horizon),1992,0.9327309236947792,29.289560980391503,33.55502765288057
Renewable shift,Adaptive CQR,1992,0.8072289156626506,21.300759290522112,31.072058137530938
OOD flag,Raw quantiles,131,0.48091603053435117,12.971368247288144,47.406062722892436
OOD flag,Static CQR (pooled),131,0.8244274809160306,28.856790019695257,37.784756445810146
OOD flag,Static CQR (by horizon),131,0.8549618320610687,30.478277334539523,39.15668450069101
OOD flag,Adaptive CQR,131,0.7022900763358778,21.897767489911725,39.651930191733435
