fold,method,train_end,test_start,test_end,n_test,median_mae,coverage,mean_width,interval_score
1,Raw quantiles,2024-06-03 23:00:00+00:00,2024-07-16 00:00:00+00:00,2024-08-12 23:00:00+00:00,672,5.48068771985758,0.6711309523809523,11.677146536497895,30.99300274529523
1,Static CQR (pooled),2024-06-03 23:00:00+00:00,2024-07-16 00:00:00+00:00,2024-08-12 23:00:00+00:00,672,5.48068771985758,0.7916666666666666,15.130159632848384,29.894707412415848
1,Static CQR (by horizon),2024-06-03 23:00:00+00:00,2024-07-16 00:00:00+00:00,2024-08-12 23:00:00+00:00,672,5.48068771985758,0.8318452380952381,16.822341735198343,30.28379289628961
1,Adaptive CQR,2024-06-03 23:00:00+00:00,2024-07-16 00:00:00+00:00,2024-08-12 23:00:00+00:00,672,5.48068771985758,0.8422619047619048,17.714158848652477,30.787465548107406
2,Raw quantiles,2024-07-21 23:00:00+00:00,2024-09-02 00:00:00+00:00,2024-09-29 23:00:00+00:00,672,8.96830084156117,0.48660714285714285,12.016992924310752,56.84613733078017
2,Static CQR (pooled),2024-07-21 23:00:00+00:00,2024-09-02 00:00:00+00:00,2024-09-29 23:00:00+00:00,672,8.96830084156117,0.5788690476190477,15.102964189938131,52.65904122947441
2,Static CQR (by horizon),2024-07-21 23:00:00+00:00,2024-09-02 00:00:00+00:00,2024-09-29 23:00:00+00:00,672,8.96830084156117,0.6041666666666666,16.81634238307218,51.33207258301924
2,Adaptive CQR,2024-07-21 23:00:00+00:00,2024-09-02 00:00:00+00:00,2024-09-29 23:00:00+00:00,672,8.96830084156117,0.7485119047619048,23.637848474441412,48.939634701778495
3,Raw quantiles,2024-09-07 23:00:00+00:00,2024-10-20 00:00:00+00:00,2024-11-16 23:00:00+00:00,672,9.527882745261556,0.3958333333333333,11.972696356850184,58.60704626598687
3,Static CQR (pooled),2024-09-07 23:00:00+00:00,2024-10-20 00:00:00+00:00,2024-11-16 23:00:00+00:00,672,9.527882745261556,0.7857142857142857,28.185843915295354,43.224869373117954
3,Static CQR (by horizon),2024-09-07 23:00:00+00:00,2024-10-20 00:00:00+00:00,2024-11-16 23:00:00+00:00,672,9.527882745261556,0.8199404761904762,31.099767222186625,43.72913087053804
3,Adaptive CQR,2024-09-07 23:00:00+00:00,2024-10-20 00:00:00+00:00,2024-11-16 23:00:00+00:00,672,9.527882745261556,0.84375,32.66419830030446,44.4142748300024
